engine,point,range,shape,count,point/file,range/file,shape/file
xarray,55.589837,58.575156,60.256757,864,0.0643,0.0678,0.0697
netCDF4,33.357278,33.29196,38.594516,864,0.0386,0.0385,0.0447
h5py,10.5311,10.254075,14.19886,864,0.0122,0.0119,0.0164
cfgrib,121.737391,121.199744,121.702608,500,0.2435,0.2424,0.2434
rasterio,1.780844,1.79053,3.597246,480,0.0037,0.0037,0.0075